제목,게시판 내용,점수
[잡담]인증[이슬비 기상술사] 통합 가이드 - 2022.08.22,내용이 없습니다.,0
"[잡담]인증22.12.31 날씨를 다루는 이슬비 완벽 가이드 (각인, 스킬트리, 딜사이클)",내용이 없습니다.,0
[잡담]인증[기상술사] ◈우산 외형도감◈ (22.08.05 update),내용이 없습니다.,0
[잡담]인증질풍술사 6지배 세팅 가이드,내용이 없습니다.,0
[정보]인증[극신환각] 질풍세팅 가이드[2023.03.07ver],내용이 없습니다.,0
[잡담]질풍 하고 싶은 뉴비님들,"본인이 가족사진에 안나와도 상관 없다 = 딜이 안쌔도 상관 없다무력,파괴,카운터 굳 쾌적한 신속플레이 + 이쁨>이럼 질풍하셈질풍 제외 잔혈딜러들이 1~2명도 아니고 개많은데 얘를 할 이유가 없음글고 계시판에 딜 연구한것도 많은데 그래도 가족사진 안나옴나오고 싶으면 다른 직업 하셈이미 키우시는 분들은 하브 배럭으로 이용하면 됌하브따리에선 나쁘지 않음",0
[잡담]기상유저들이 가만보면 참 착하면서도 이상함,"기믹신경쓰고 시너지 유지, 가동률 신경쓰고 다른어떤직업보다 유독 더 신경쓰는듯. 시너지딜러라서그런가시너지스킬을 안드는것도 아니고 캐릭 딜or편의성 좀더 챙긴다고하는데시너지가동률 떨어짐! 파괴스킬부족함! 이러고 근데 아이러니하게도 딜낮다고 징징소리 엄청 나옴이슬비만 그런건가",0
[잡담]이슬비 유저들이 왜 안눕는지 잘 모르겠음,"본캐 1630체술에1620 스커, 창술 키우고있음저번 너프이전까지는 이슬비 재밌게 잘 키우고있었는데뜬금없이 뙤싹+칼바람 까지 너프먹고날아가기 타격감 1도없는거 딜세다고 써가면서 재미가 반감이 아니라 90%떨어져서정내미가 떨어짐 파괴는 소용돌이 막타에 꼴랑 1달려있는것도 불쾌하고돌단소심써가면서 사이클만 굴리는것도 재미없고내가 딜을 얼마나 넣고있는건지 다단히트라서 보이지도않고그렇다고 딜이 뭐 세긴하냐체감적으로 1620슬비보다 1600창술이 더 센거같음질풍키우다가 고점찾아서 슬비 넘어오시는분들도 처음에는 좀 더 고점인것 같겠지만조금 더 굴려보시면 거기서 거기인데 좀 더 쾌적한 질풍이나 계속 할껄 이생각할듯옛날 4/4트리나 5/3트리 쓸때는 더 재밌고 강했던거같은데2/6쓰기 시작하면서 노잼이 시작된거같음 그놈의 내부지표가 대체 어떻게 되있는지는 모르겠는데칼바, 바송 데미지좀 롤백해주고 차라리 다른걸 너프시켜서 밸런스를 맞춰서 스킬간 밸런스를 맞춰야지지금 날아가기 진짜 개떡같아서 울화통이 치밈 너무 노잼이야스킬트리 2/6아니면 1/7밖에없는 선택지를 만들어놓고 어휴ㅅㅂ...상아탑 다니면서 유일하게 재밌는거 2관 딱 하나그냥 무지성 뙤싹소 뙤싹소 뙤싹소 돌개 뙤싹소 뙤싹소 뙤싹소이거할때만 재밌음",-1.5
[잡담]엔젤 코니,없어서 올려봐요그런데 별로에영,0
[잡담]슈모익 기상 입문했읍니다,너무기여워용 이슬비해야지~~,0
[잡담]이슬비 내부 질문있습니다..,폿만키우다 이번하익때 계정에 딜러한캘은 있어야지싶어서 이슬비 키우게되었는데내부할때 뙤약볕 3트포 흑점폭발말고 즉발트포 쓰면 안되나 싶어서요..여태까지 폿만했어서 딜러는 쌩초짜라 어제생성해서 딱렙으로 내부연모 6시간 박고 겨우한번클해봤는데내가 겜을 이래못하나 자괴감이 들 정도로 뙤약볕 적중률이 낮더라구요..물론 내부도 아예처음해보는거고 기상도 어제가 첫날인데다딜러자체도 처음해보는거라 시간지나서 숙련도쌓이면 딜각보는건 자연스럽게 늘지않을까 싶지만..뙤약볕이랑 소나기때문에 고대올리면 질풍으로 갈아탈까라는 생각까지 드네요..좌우지간 뙤약볕 즉발트포쓰면 딜은 좀 낮을지언정 적중률이 높아지니 실전딜이 좀더 오르지않을까 싶은데 별론가여..프로켈이 유독 힘들더라구요,0
[잡담]형님들 바리9저받7돌 어떡할까요..,"하필 기상이에 뜨냐.. 하..일단 봄바람 채용하면 뙤싹 풀틱은 들어가는것 같은데실전성에 의문이 있어서요질풍은 역류 터지면서 적용 안된다는 내용을 봤고,그나마 봄바람 높새바람 채용하는 이슬비 기상이로 쓰면 어떨까 해서요그래도 에포1보단 쌔긴 할거같은데..",0
[잡담]기상술사분들 아덴좀 꺼주세요,비가 너무많이와요 양말 다젖는다 제발,0
[질문]한번씩만 도와주세용..,노랑색 아뮬렛 어디다가 써야하나요.. 빨강색은 필수트포에 쓸거에요!!,0
[잡담]인증[이슬비 기상술사] 통합 가이드 - 2022.08.22,내용이 없습니다.,0
"[잡담]인증22.12.31 날씨를 다루는 이슬비 완벽 가이드 (각인, 스킬트리, 딜사이클)",내용이 없습니다.,0
[잡담]인증[기상술사] ◈우산 외형도감◈ (22.08.05 update),내용이 없습니다.,0
[잡담]인증질풍술사 6지배 세팅 가이드,내용이 없습니다.,0
[정보]인증[극신환각] 질풍세팅 가이드[2023.03.07ver],내용이 없습니다.,0
[잡담]질풍 하고 싶은 뉴비님들,"본인이 가족사진에 안나와도 상관 없다 = 딜이 안쌔도 상관 없다무력,파괴,카운터 굳 쾌적한 신속플레이 + 이쁨>이럼 질풍하셈질풍 제외 잔혈딜러들이 1~2명도 아니고 개많은데 얘를 할 이유가 없음글고 계시판에 딜 연구한것도 많은데 그래도 가족사진 안나옴나오고 싶으면 다른 직업 하셈이미 키우시는 분들은 하브 배럭으로 이용하면 됌하브따리에선 나쁘지 않음",0
[잡담]기상유저들이 가만보면 참 착하면서도 이상함,"기믹신경쓰고 시너지 유지, 가동률 신경쓰고 다른어떤직업보다 유독 더 신경쓰는듯. 시너지딜러라서그런가시너지스킬을 안드는것도 아니고 캐릭 딜or편의성 좀더 챙긴다고하는데시너지가동률 떨어짐! 파괴스킬부족함! 이러고 근데 아이러니하게도 딜낮다고 징징소리 엄청 나옴이슬비만 그런건가",0
[잡담]이슬비 유저들이 왜 안눕는지 잘 모르겠음,"본캐 1630체술에1620 스커, 창술 키우고있음저번 너프이전까지는 이슬비 재밌게 잘 키우고있었는데뜬금없이 뙤싹+칼바람 까지 너프먹고날아가기 타격감 1도없는거 딜세다고 써가면서 재미가 반감이 아니라 90%떨어져서정내미가 떨어짐 파괴는 소용돌이 막타에 꼴랑 1달려있는것도 불쾌하고돌단소심써가면서 사이클만 굴리는것도 재미없고내가 딜을 얼마나 넣고있는건지 다단히트라서 보이지도않고그렇다고 딜이 뭐 세긴하냐체감적으로 1620슬비보다 1600창술이 더 센거같음질풍키우다가 고점찾아서 슬비 넘어오시는분들도 처음에는 좀 더 고점인것 같겠지만조금 더 굴려보시면 거기서 거기인데 좀 더 쾌적한 질풍이나 계속 할껄 이생각할듯옛날 4/4트리나 5/3트리 쓸때는 더 재밌고 강했던거같은데2/6쓰기 시작하면서 노잼이 시작된거같음 그놈의 내부지표가 대체 어떻게 되있는지는 모르겠는데칼바, 바송 데미지좀 롤백해주고 차라리 다른걸 너프시켜서 밸런스를 맞춰서 스킬간 밸런스를 맞춰야지지금 날아가기 진짜 개떡같아서 울화통이 치밈 너무 노잼이야스킬트리 2/6아니면 1/7밖에없는 선택지를 만들어놓고 어휴ㅅㅂ...상아탑 다니면서 유일하게 재밌는거 2관 딱 하나그냥 무지성 뙤싹소 뙤싹소 뙤싹소 돌개 뙤싹소 뙤싹소 뙤싹소이거할때만 재밌음",-1.5
[잡담]엔젤 코니,없어서 올려봐요그런데 별로에영,0
[잡담]슈모익 기상 입문했읍니다,너무기여워용 이슬비해야지~~,0
[잡담]이슬비 내부 질문있습니다..,폿만키우다 이번하익때 계정에 딜러한캘은 있어야지싶어서 이슬비 키우게되었는데내부할때 뙤약볕 3트포 흑점폭발말고 즉발트포 쓰면 안되나 싶어서요..여태까지 폿만했어서 딜러는 쌩초짜라 어제생성해서 딱렙으로 내부연모 6시간 박고 겨우한번클해봤는데내가 겜을 이래못하나 자괴감이 들 정도로 뙤약볕 적중률이 낮더라구요..물론 내부도 아예처음해보는거고 기상도 어제가 첫날인데다딜러자체도 처음해보는거라 시간지나서 숙련도쌓이면 딜각보는건 자연스럽게 늘지않을까 싶지만..뙤약볕이랑 소나기때문에 고대올리면 질풍으로 갈아탈까라는 생각까지 드네요..좌우지간 뙤약볕 즉발트포쓰면 딜은 좀 낮을지언정 적중률이 높아지니 실전딜이 좀더 오르지않을까 싶은데 별론가여..프로켈이 유독 힘들더라구요,0
[잡담]형님들 바리9저받7돌 어떡할까요..,"하필 기상이에 뜨냐.. 하..일단 봄바람 채용하면 뙤싹 풀틱은 들어가는것 같은데실전성에 의문이 있어서요질풍은 역류 터지면서 적용 안된다는 내용을 봤고,그나마 봄바람 높새바람 채용하는 이슬비 기상이로 쓰면 어떨까 해서요그래도 에포1보단 쌔긴 할거같은데..",0
[잡담]기상술사분들 아덴좀 꺼주세요,비가 너무많이와요 양말 다젖는다 제발,0
[질문]한번씩만 도와주세용..,노랑색 아뮬렛 어디다가 써야하나요.. 빨강색은 필수트포에 쓸거에요!!,0
[잡담]우리 기상이가 최고...,최근에 97돌 트라이해서 97돌도 띄워주고오늘 유물 팔찌 교환한걸루 정밀 상옵도 띄워주고 고대 업글하니 순환도 떠줌 ㅠㅠ창술이랑 기상이 중에서 본캐 뭘로 할 지 고민이었는데 이정도면 기상이 키울만 하죠솔플유저여서 여기다 자랑아닌 자랑글 남깁니다..ㅎㅎ,0
[질문]이슬비 트포 우선순위,노랑색 아뮬렛이랑 빨강색 아뮬렛 어디다 쓰면될까요..❓,0
[잡담]질풍기상 초보는 그냥 환각 입으셈,극신이 주는 편안함지배나 악몽처럼 변수를 고려하지 않음치명타 스트레스가 가장 적고 가장 빠르게 준종결 세팅으로 포텐을 빠르게 뽑음나중에 머리 굵어지고 본인 직업에 대한 이해도가 높아지며딜욕심이나 다른 욕심이 생겨서 딜을 더 뽑아내고 싶다면 그때가서 바꾸면 됨,0
[잡담]질풍 가족사진 무조건 나오긴 합니다,상하탑이랑 쿠크에서요촤하하,0
[잡담]루테란 파티 예복,괜찮은 거 같기도 하고 실린 주면 더 이쁠거 같기도 하고 알송달송,0
[질문]상아탑 하드 스펙 질문!,"최근에 한번 글을 올렸었는데 또 올립니다,,ㅠㅠ 세구30보다 지금 암구30이 훨씬~~빠를것 같은데 암구30으로 취업가능할까요폿님들 남바30때문에 역시 힘들려나요ㅠㅠ",0
[잡담]기상선배님들  질문좀드릴게요,바드만키우고잇는유저입니다이번에하익으로 딜러한개키워보고싶어서기상술사를 해보고싶습니다혹시 스킬 보석 룬 이런거 정리되어잇는 글을보고싶은데혹시 어디서보는게 좋을까요,0
[잡담]슈익대비 주관적인 타협가능 특성 안내 질풍/슬비,"이슬비특화계수가 로아클래스 중 탑급 0.072라는 높은 계수그만큼 기본성능이 매우 낮게 책정되어 특화수치 타협불가질풍환각,악몽 특성합 어느정도 타협가능다만 지배질풍의 경우 특성합 타협은 어렵다고 생각치명은 낮은 치확에 높은 치피증으로 인해서 최대한 높게 잡아주고신속의 경우 특히 지배현타와 직결되기에 질풍중 가장 특성합 영향이 큼지배질풍은 유물구간은 권장되지 못하고 엘릭서,팔찌의 의존도 또한 매우 높은편보석효율두 직각다 셋팅에 따라 6~7멸 사용 직업임질풍의 경우 칼바람,바람송곳,몰아치기 까지 체감이 되고 그 이후는 적은편이슬비의 경우 솔직히 멸화보다 홍염이 체감이 더 크다고 생각딜비중이 고르기에 어느 하나 특별히 높은 멸화보다 고루 높이는게 좋다고 봐요 굳이 우선순위를 두자면 뙤약볕,싹쓸바람,소용돌이, 소나기 or 센바람 ~ 여우비 정도",0
[잡담]기상 본캐로 키울만 합니다.,딜은 모르겠고~ 일단 가족사진에 무조건 나옵니다,0
[잡담]저는 질풍 포기못해요,귀엽다고 약해야한다 이건 절대 될 수 없는논리지만전 계속할겁니다이렇게 귀여운 애기두고 어떻게 가요뭐 제가 아직 80따리라 그럴수도있는데힘내봅시다.. 기다리다보면 뙤약볕을 보게될날이 올거야...로아도 포기못합니다 제인 나가는거 지켜볼거에요,-1.0
[잡담]하익용 배럭 질풍 vs 이슬비 추천좀요!,본캐피메건슬 1600 부캐체술인파 1560 부캐홀나 1550입니다!이번 하익용 질풍 vs 이슬비 추천좀해주세요!노칸까지 보낼 생각입니당,0
[잡담]26이슬기상 각스킬 딜지분율 알고싶은데,혹시 자료같은거있을까요,0
[잡담]설마 이번 전압 이건가..,새로운 거 달라구 ㅠ,0
[잡담]부캐 질풍1 달인40찍고 환각>악몽 변경 후 하칸,기존회심40 환각 질풍1  이였다가 달인40 되서 악몽으로 바꿨는데전 이게 더 나은 듯 하네여 두꺼비 역시https://youtu.be/V-LGjfgd2b8https://youtu.be/C02Fj_f9dPQhttps://youtu.be/J3OwUOQ3XkM,0
[잡담]MVP만으로도 행복행..,비섬이라두 MVP 행벅아래는 오레하에서 잔혈뺐겼어유 1472 슬레 대다네..,0
[잡담]질풍기상 환각vs악몽,환각은 극신은 안갈거같습니다돈생각 ㄴㄴ하고 뭐가더 좋은가요,0
[잡담]이슬비 입문 하시는분들 알아야할것,파괴 구린건 아실거고 무력 준수하다고 생각하시는데 순간 무력만 좋지 지속 무력은 그저 그렇습니다그리고 무력때 스킬 두세개 쿨 돌고 있으면 무력 아예 못할수 있어요,0
[잡담]로아 찐뉴비 세팅(질풍노도) 질문..,로아한지 한달 반 정도된 뉴비입니다 본캐로 질풍노도 키우고 있는데요.이제 얼마 후면 고대로 넘어가는데 셋팅에 관한 지식이 아예 없습니다(지금 끼고 있는 것도 길드원들이 맞춰줌)어떤 셋팅을 가야하는지 전혀 모르겠어서 진로상담 드립니다..보석은 10멸화 5개 10홍염 6개입니다,0
[잡담]질증 이슬비 보고있는데,검나 쎈데 꼬북이네 ㄷㄷㅋㅋㅋㅋㅋㅋㅋㅋㅋㅋㅋㅋㅋㅋㅋㅋㅋㅋㅋㅋㅋㅋㅋㅋㅋㅋㅋㅋㅋㅋㅋㅋㅋㅋㅋㅋㅋㅋㅋㅋㅋㅋㅋ,0
[잡담]그냥 질풍기상 본캐하겠습니다,옛날 호크도 했는데 질풍기상을 못하겠어..미래를 보고 질풍기상하러 왔습니다,0
[잡담]●/▅/▇/█/▇/▆/▅/▄/▇  뭐하나 제대로 하는게 없네,공격스킬 1개뺀 워로드보다 약한게 말이되냐,-1.0
[잡담]전재학을 보면 기상이 본캐추천은 못하겠음,"예술병 걸린 전재학에 애초에 '시너지' 딜러로 설계해둔 놈인데딜버프를 해주겠음 기믹 수행력을 더 올려주겠음이미 전재학 머리속에서는 완벽하게 완성된 시너지 딜러라서 패싱몇번해서 너무 뒤처지면 수치깔짝해서 숨쉬게 해주는거 이외에시너지 개선이나, 제대로 된 딜 개선이나 아무것도 없다고 생각함이번에 애니츠 딜 확올린건 뭐 중국서버 오픈 대비해서 중국캐들 OP 만들어준 특이 케이스고",0
[잡담]질풍vs이슬비,지금 질풍 333332 쓰고잇긴한데 돌대 7이라 이슬비 갈수잇나요 그래도 팔찌 한14퍼정도는 나올텐데 그냥 특화 없다고생각하고 질풍가야되나 다른분은 어떻게생각하시나요 각인은 다시 맞출수잇어요,0
[잡담]슬레 vs 기상이 고민인데,이번하익으로 50만골투자해서 1580-최대1600까지만 즐기려하는데 16이전까지는 슬레랑 기상이중에 머가나을까요,0
[잡담]이번 슈모익 이슬비해야지,이렇게 좋은 직업이 있는지 처음알았네요ㄷㄷ 오늘부터 전각 사모을 예정,0
[질문]뉴비 극신환각 팔찌 조언좀해주세요,"치명100, 열정, 마나회수, 제압 팔찌가 나왔는데 이걸 그냥 써야하는지 아니면 신속팔찌로 새로 깎는게 좋을지 조언좀 해주세요.1540 고대악세 겨우 맞춘 뉴비라서 직접 사다가 깎지는 않을거고 카던돌다가 떨구는거로 맞출겁니다.악세품질타협봐서 신속이 지금 1640정도 나옵니다.",0
[잡담]부캐 질풍1 달인40찍은 기념 2분 dp 측정 1819만,6악몽 원예아타돌질1  입니당!!,0
[잡담]이슬비 라카이서스 진짜 너무 맛있다 세상 제일 맛있다 도라이다,뙤싹쿨 3초 돌리는데 허겁지겁 라카이서스의 피 주워먹으면서진짜 존나 맛있어서 눈물남캐스팅 조차 없는 미친 쾌적함,0
[잡담]인파에서 이슬비술사 새로시작했는데,다옛날글이고 그러네요.. 도움될만한 영상이나 글 있으면 추천좀요 선생님들,0
[잡담]이번 로아온으로 기상술사 접습니다,물론 로아도용,-3.0
"[잡담]기상이한텐 장비,각인의 이펙트가 너무 큰것 같지 않나유","장비, 각인 이펙트 on/off 도입 시급 ..공감하시면 건의하기 한번씩만 부탁드려요 ㅠ ㅠ",0
[잡담]●▅▇█▇▆▅▄▇,이번에도 밸페에 대해 아무 언급이 없었다,-1.0
[잡담][탈것] 레이니 비틀,,0
[잡담]와 이슬비 해보는데,왤케 답답하냐ㄷㄷ뭔가 때리는맛도없고,0
[잡담]나 낭만을 찾는 1604 기상술사,나 1604 기상술사드디어 방어구를 누를 수 있게 되었다좉망겜,0
[잡담]질풍은 여우비 키면 기류 생략 돼야함,여우비 키면 기류 상시 적용되게 해서여우비 키는 동안엔 펼치기 내찍 없이역류 스킬들만 갈길 수 있게 해야함반박 안받음,0
[잡담]진짜 이 똥개 어떡하지,애정은 많은데 볼수록 미워,0
[잡담]타대 억모닉 키우면서 느끼는건데,고치 악몽 기준 은근 선후딜이 긴듯,0
[잡담]기상술사 생활할때 쓸만한 스킬 있나요,펼치기랑 날아가기 말고 또 있나요,0
[잡담]장문) 어렵다 쉽다로 얘기 많이 나오던데 저는 이거라고 봐요,"아까도 시전속도 얘기 나오던 다른 글에서 누가 그정도면 쉽다, 다른 족쇄 둘둘인 사멸캐들이 훨씬 어렵다라는 식으로 굳이 기상게에서 댓글 달다가 투기장 열리던 걸 봤었는데, 시전속도 얘기를 보다 보니 문득 이런 생각이 들었어요.스킬 시전속도나 사멸 유무 등 흔히 족쇄라고 부르는 것들이, 결국 쿨타임(사이클)로스와 연관있지 않을까라는 생각이에요. 다시 말해서 이런 족쇄들의 조건을 충족하지 못해 생기는 딜로스와 쿨밀림으로 인한 딜로스 둘을 비교하는 것과 그 결과로 나타나는 직업의 플레이 스타일이 어떤지가 핵심이라는 거에요일단 사멸캐중에 그나마 구조를 자세히 아는 버스트 블레이드를 예로 들자면, 이 직업은 버스트 스킬 하나에 딜 지분이 50퍼 넘게 몰려있는데다 해당 스킬이 백어택이기 때문에, 대부분의 버스트 유저들은 백어택 각을 보느라 버스트를 쏘지 않아 생기는 1~2초의 사이클 밀림으로 인한 딜로스보다 버스트를 백에 꽂지 못해 생기는 딜로스를 훨씬 유의미하게 생각하고, 따라서 짤패턴 도중 20스택이 모이더라도 보스몹이 어그로 탐색기간이면 버스트를 쏘지 않고 기다리는 식으로 많이 운영해요반면 기상술사 같은 쿨타임 기반 타대직업은 보스 패턴에 맞아 끊길 위험이 있지 않으면 모든 스킬을 쿨마다 사용하는 식으로 운영하죠사멸/타대 말고 다른것들도 마찬가지로 볼 수 있어요스킬 시전속도와 사거리, 경/피면 여부의 경우 기상술사의 몰아치기가 좋은 예인데, 역류를 채용한 몰아치기는 경면이 없고 시전속도가 길며 사거리도 생각보다 긴 편은 아니라 끊길 위험이 큰 스킬이고, 재빠손을 채용한 경우는 시전속도 문제는 어느정도 해결되지만 쿨타임이 너무 빨라 쿨로스의 압박이 심하죠.때문에 몰아치기는 이론상의 딜량을 뽑기 힘든 스킬이라고 생각해요. 많은 질풍 유저들의 불만도 이 스킬에서 기인한다고 생각하고요.레더/청룡진 등의 자버프 몇 초 족쇄 등도 같은 맥락으로, 해당 자버프를 받지 못했을 때의 리스크와, 자버프 내에 억지로 스킬을 시전해 빗나가거나 백에 맞추지 못하는 리스크 양쪽을 비교하게 되죠. (이 경우는 아까의 백/헤드 문제도 복합적으로 얽혀있기도 하네요)결국 아까의 버스트 블레이드의 예시처럼 상대적으로 쿨밀림으로 인한 딜손실보다 족쇄의 조건 미충족으로 인한 딜손실이 큰 직업들의 경우 스킬을 놀리더라도 해당 조건들을 충족하는 식으로 운영하게 되고, 이는 족쇄가 여럿 달린 캐릭터와 조건부가 거의 없는 캐릭터 간 운영 방식이 매우 다름을 의미해요실제로 아까의 버스트 블레이드 같이 스킬 하나의 비중이 높고(폭딜러), 사멸인 캐릭터는 대부분 백/헤드를 맞추기 위해 스킬쿨을 놀리더라도 확실히 딜각을 잡는 반면 지배/환각셋을 입는 질풍술사는 쿨타임이 빨라 시간당 딜손실이 크고 백/헤드 조건이 없는 타대 딜러기 때문에 최대한 바쁘게 스킬쿨을 돌리죠.때문에 기상술사가 실전에서도 허수딜량을 거의 비슷하게 뽑아낼 수 있다는 말은, 반대로 그렇게 해야만 다른 직업이 조건부를 충족하느라 손실된 이후의 딜량과 비슷한 총 대미지를 뽑아낼 수 밖에 없다는 말이기도 해요. 이게 고점에서의 기상술사가 약하다는 이유가 되기도 하겠네요. 또 이런 상황에서도 딜량 측면에서의 고점을 보기 위해 어떻게든 응꼬쑈를 한 결과가 기상술사가 쉬운 직업이 아니다 라는 의견의 이유일 것 같고요.이런저런 잡설이 길었는데, 결론적으로 하고 싶은 말은 쉬운 직업이다, 아니다의 문제를 이야기할 때 단순히 이런 족쇄가 있어서 어렵네 쉽네 할 것이 아니라 종합적으로 플레이 스타일을 고려해서 따져봐야 할 문제라는 거에요",-1.0
[잡담]딜찍의 질풍,내부 같은팟 리퍼 / 지파 9분 15초사망자는 없음사실은 바드빨2부파는 못봄,0
[잡담]쌍직 기상 가르가디스 영상,"단순하게 극신환각 아3에1 쓰던 트리에서 에1 이걸 이슬비1로 바꿨습니다.바꾼 이유로는1. 에포1 쓰기가 싫어서2. 이슬비1 채용하면 여우비 지속시간이 8초->12초로 1.5배 증가해서3. 기상스킬을 3개 채용하다 보니 이슬비1 기상스킬 딜증효과+여우비 지분율이 높아지는게딜량 은근 쏠쏠해서위 이유로 이슬비1 채용해봤습니다.사용한 연금술, 팔찌, 스킬트포와 스킬룬",-1.0
[잡담][실링빌런]14억,14억 뜨고싶다 데미지로아온 제발... 흥흐엏어흐엉흐허헝허허헝허ㅓ헣허힘냅시다 형제자매님들,0
[잡담]기상이는 진짜,신캐때부터 단 한번도 강한적이 없었음근데 너프는쳐먹고밸패는 다 패싱에시발 발비쿠노브배럭따리 쌀먹새기들 다뒤져라,-2.0
[잡담]1628 6지배 2기4역 질풍 2분 dps 2300,"무기 25강 품 94엘릭서 로아와 기준 24퍼(달인2렙)팔찌 치신 순환/우월각인 원타아돌질각1 (97돌은 아직 없음..)정흡/최마3렙 넣음솔직히 치기 전에도 이정도 나올건 알고 있어서 큰 기대는 안했음이번에 회심 2레벨도 활성화 해놔서 다른세팅 dps도 볼겸 해봤는데해당 dps는 아직 숙련도도 없고 정확하지않아서 안찍었어요그냥 성능보단 애정으로 키우긴 하는데 이제 다시는 허수아비 안칠듯저보다 스펙 부족한 1티어 캐릭들한테 따잇 당할때도 이젠 별 감흥 없음97돌만 깎이면 이슬비로 넘어갈 예정인데,잘 안깎임 ㅠㅠ질풍은 신속베이스니까 패싱당해도 이슬비는 좀 버프 받았으면 좋겠음젭알..",0
[잡담]시너지딜러인데 시너지셋팅하면 약하다고 파티걸러짐ㅋㅋㅋ,ㅈㄴ 병신같음,-2.0
[잡담]기부니가 좋지 않다..................,봤으면 나가.....,0
[잡담]진짜 시너지캐릭 된거같네..,이슬비 dps도 그렇고 너무 약함.. 틱뎀이라 크기 작은보스들은 다 안들어가거나 빗나가기 일수인데 ㅠㅠ,0
[잡담]기상이 다른건 몰라도 칼바람은,노크리 연속으로 뜨면 진짜 보석 삭제 당한 기분이라 허망함크리 유무에 따라서 딜 차이가 너무 심해..............,0
[잡담]칼바람 첫번째 돌진 트포를,라자람이 기모았다가 슥 지나가면 공간베기 나오는 것 처럼칼바람도 슥 지나가면 바람들이 슉슉슉하면서 공간베기하면 약해도 쓸텐데... 낭만 그잡채,-1.0
[잡담]기상이 아덴 스페팁,스페쓸때 콩콩거리는거 스페한번 더누르면 빠르게 고정됌!나만몰랐지,0
[잡담]이슬비로 아브 내부하는 형들 존경함,1540찍으면서 질풍에서 이슬비로 바꾸고처음으로 하브 2관 내부 들어가봤는데진짜 개지옥 진짜 다 쳐맞음......결국 2관유기로생 6개월밖에 안되서 캐릭도 많이 없고내부도 아직 반숙이지만 딜러가아르카나 워로드 슬레이어 기상 이렇게 넷인데질풍으로 내부할 때는 진짜 쾌적했음...나만 때릴 수 있고근데 이슬비는...내 내부 숙련도 + 이슬비 숙련도가낮아서 더 힘들게 느껴질 수도 있긴한데진짜 이슬비로하는 형들 존경합니다...이슬비로 유기당하고 워로드로 다녀왔는데워로드가 훨씬 쾌적해.......다음엔...마주바람 들고가야지 헤헤,0
"[잡담]안녕하세요! 상하탑,일리아칸 가보실 잔혈딜러분 구해요!","안녕하세요딜빵하러 온건 아니고카멘에 앞서 1635까지는 레벨 맞춰 올릴 공대를 꾸리고 있는데나오는 시기에 공팟 구해가는 것보다 그전에 인원 모아서 같이 겜도 하고 친해지면서 맞춰보려해요혹시 본인이 잔혈경쟁 좋아하고 카멘을 1635이내로 나온다면 첫 주 생각 하고 있고 파티를 찾고 있다!하시는 분들 중 관심 있으신 분 댓글 남겨주세요!창술, 알카, 처단, 이슬비, 피메분들만 받고 있습니다..!",0
[잡담]오늘은 소소한 비틱입니다!,레이드는 너무 어렵고 두렵지만로아 너무 재미있게 즐기고있습니다.오늘 하브 12관돌고 마지막 고대 방어구를 계승하고그건 버스타고 학원팟 다니며 모아둔 눈알 100개로 무기제작!품질작 11번만에 쾌거를 이뤘습니다.90이상만 떠주면 만족이였는데골드 엄청 아낀 기분이여서 5만골 짜리 팔찌 하나사서 돌렸습니다.결과는 나쁘지않은듯 하네요일로아에서보니 10.4퍼에서 11.1퍼로 올라감야간 당직 있는 날이라 출근중인데 날아갈것같은 이 기분다들 좋은 하루 되세요,0
[잡담]2악 4지 / 2기3역 쓰다가 1기 2역으로 바꿧는데,얘 생각보다 괜찮음… 이때까지 1기 2역 별로 좋게 안봤는데..항상 칼바람 바송 몰치 or 칼바람 몰치 바송 으로 쓰다보니 어떻게 쓰던2기 3역 두사이클 돌릴때마다 몰치쿨7초 칼바람12초로 중간에 기류 끼면몰치랑 칼바람 쿨 똑같이돌아서 2-3초 누수되는거 스트레스였는데..1기 2역으로 바꾸고 난 후 그 스트레스가 없어짐물론 2속행에 2재빠손이라 쿨이 더 빨라서 더 바쁘긴한데 적어도 칼바송 몰치 쿨은 안겹치고 다 우겨넣고 드감(다른 뙤싹은 좀 놈.. 이것까지는 허수아비아니면 다못굴림)아 그리고 역류딜매꾸려고 회걸12 돌개7 줫는데돌개가 나갔다가 안돌아가서 이거 좀 빡빡하게 굴려야되는 그런면은 또 있음[영 속행] 회오리 걸음 Lv.12[전 질풍] 몰아치기 Lv.12[영 질풍] 바람송곳 Lv.12[전 질풍] 칼바람 Lv.12[전 출혈] 뙤약볕 Lv.12[전 속행] 펼치기 Lv.10[전 심판] 싹쓸바람 Lv.10[전 단죄] 돌개바람 Lv.7역류였던 몰치가 내찍을빼고 재빠손 몰치회걸이 매꿔주고여기서 더 좋은건 아드딜타이밍때  칼바람시전때 아드먹고펼치기 회걸 즁에 속행이터지면 아드2초남고 칼바람 쿨이 돌아옴 속행한번만 터져도 2칼바아드 먹어짐이거하고 가르가디스는 1630 동스펙에 웬만하면 밑줄먹고군단장은 아직 이번주 일리아칸버스 4인 갔는데 1-3 40퍼밑잔 먹음 달소 유산 질풍 가서..다른균단장도ㅠ이번쥬 돌아봐야지,0
[질문]팔찌 하나보고 질풍에서 이슬비로 갈아타는거 별로인가요,1540 질풍 고대세팅 맞춰줬는데특신합180 순환상 우월하 팔찌가 깎여버렸습니다카양겔에서 이슬비 스트레스라고 들어서바꿀지 고민되네요배럭이라 당분간은 템렙 더 올릴생각x,0
[잡담]엘릭서 (자체)졸업!,이제그냥 자체졸업할래요골드너무빨려,0
[잡담]기상 유산 충모 카양겔 하드 다녀옴,기상 25강 97돌 10멸홍유산 25강 97돌 10멸홍충모 23강 10멸홍4판다 강/강/투 나왔고기상2승 유산2승 충모0승,0
[잡담]-△-,-△-,0
[잡담]애초에 악몽 DPS가 그리 낮지가 않습니다,333332 기준악몽은 최마3만환각은 최마3 +마효증음식으로 마나 아예 50아래로 안가게햇습니다.스킬 룬셋팅은 동일전부 두셋트 칼바람 올크리만 계산했음지배는 달인이 없어서 측정안했습니다마중만 계산하면 분명낮은건 맞으나 끝마 +@나 기타 룬효율때문에 얼추 비슷한 위치까지 옵니다 .걍 변수를 ㅈㄴㄴㄴㄴ나 많이 타는거지 DPS자체가 낮은 셋팅이 아님,0
[잡담]요즘보면,기상술사 약한건 저도 ㅇㅈ함근데 저는 생각한것보다는 ㅈㄴ약하지않다 느낌이라서...최근 글들보면동스펙에 투사뜨는게당연하다고생각하시는분들이 많으시네용,0
[잡담]1580찍었어용,,0
[잡담]우어어어어어어엉,무품 심심해서 눌렀는데 88 > 991 아깝다 강제 스펙업 됐네,0
[잡담]가즈아,,0
[잡담]셋팅 여쭤봤었는데 스킬트리 한번 더 여쭤봐요!,밑에 이것저것 다 해보신분들중 셋팅 여쭤봤었는데현재까진 환각 회심이 제일 많은데댓글은 또 지배분들이 많이 달아주셨더라구요.아랫글엔 스킬트리는 안여쭤봐서스킬트리 한번 여쭤봐요제가 모르는 트리 있으시면 댓글로 알려주시면 감사드려요!,0
[잡담]하탑에선 지배 실전딜 나름 괜찮다구 생각함,물론 2관만 빼고..본캐딜러1 부캐딜러2 품앗이에 가까운팟이긴한데보통 광폭 5분언저리정도에 컷나고 이정도 지분 먹는거면 솔직히 나쁘지만은 않은거 같은데..,0
[잡담]안녕하세요 하브따리 기상술사입니다,강화가 깨나 잘붙어서 다시 키워볼려합니다 잘부탁드려요,0
[잡담]질풍 포기했음,4인은 어쩔수 없지만 8인에선 걍 버스타기로 함칼바송만 남겨놓고 스킬은 3바람 들고서  악몽셋 마중유지고 나발이고 끝마간 다음에 서포팅 스킬 난사무력필요하면 소돌 아니면 공깎 소나기 두번 트포 찍고시너지 딜러라잖아 베이스도 신속이겠다 질풍은 그냥 이게 맞는듯다른 딜러들은 잔혈먹어서 좋고 나는 서포팅하면서 버스타서 좋고더이상 모루겟다~~ 해줘,-1.0
[잡담]어 질풍 이거 맞나,생각보다 너무 약한대,0
[잡담]기상술사들 해명해,날씨 너무 덥자나누가 뙤약볕 쓰래 ㅡㅡ,0
[잡담]치반 6지한 이후로 스코어가 꽤나 좋아짐,"갈가나 상하탑을 주로 보는데갈가의 경우 역천 절정 말고는 밑잔 내준적 x보통 밑강 내줘도 35%, 밑강 따오면 35~39%상하탑은 2관제외 보통 무력으로 mvp, 강투 35++악몽세팅이 있다면 2관문에서도 꽤 유의미하게 결과가 나올거같아요스펙은 이정도, 다음주쯤 회걸10멸 하나 추가될거같네요깐부폿+음식의 힘으로 마나 신경 안 써도 되는게 큰듯",0
[잡담]열심히 스펙업하면.. 2.5까지는 될거같기도,용맹 천상 암수아드X 두껍버프X,0
[잡담]질풍 기상은 역시 신속팔찌겠죠...,그냥 신속 팔찌 사서 돌릴껄 ㅠㅠ치명 정밀이라니 ㅠㅠ,0
[잡담]두꺼비 노아드 1분 45초클 질풍34%밑줄 영상,기록갱신 더 될거같아서 아드빨고 해봤는데 12시에 3번떠서 개같이 멸망하고 파티쫑 엔딩입구에 안 뜨는 순간 게임셋인듯..,0
[잡담]질풍도 아덴활용 제대로 할수있게 바꿔주면 재미있을것같음,질풍 악몽치1600신800원돌질저타 아1 굴려보니까아덴켰을때 딱 풀공이속 돼서 돌대질풍 풀효율 나와서 딜압축 좋은데 아쉬운게 한싸이클은 이쁘게돌아가는데 그다음 싸이클전에 아덴이 안차서 싸이클이 꼬임아덴 많이차는게 칼바바송이라 다른거로 싸이클시작전에 채울수가없음한싸이클후 다음싸이클전에 아덴작업을 할수있도록 좀 바꿔서 싸이클딜러로 개선해주면 레이드메타에 맞고 좋을듯여우비->한싸이클->아덴작업->여우비->한싸이클->아덴작업 이런식으로기상은 다른 직업들과는 다른게 비특화각인도 아덴을 잠구지않고 어느정도 활용을 할수있게 해줘서 긍정적으로 보는데 완성도가 너무 낮아서 실전성이 부족하다고느낌,0
[잡담]어차피 로아는 인식겜이야,이슬비 시너지는 적뎀감으로 공대가 안정적이며 무력이 좋다와'내 잔혈'을 뺏지 않는다는 인식으로 파티라도 잘가야되,0
[질문]형들 팔찌한번만 봐주세요,레이드 돌다나온 팔찌 돌렸는데일로와 기준 퍼센트는 좋은데 혹시 지능을 더 돌릴까해서돌리는게 좋을까요 아님그냥 쓸까염,0
[잡담]아2각2 질풍 가르가디스 영상,회걸 마지막결정타 막타에 딜이 몰려있던데이동기겸 짤딜기로 잼는듯요,0
[잡담]치신반반 2악4지 좋네요,97돌 없는 찐따라 아2각2로 사용중인데달인 + 정밀상 팔찌에 치명특성으로 자체치적45.5% 올리니까지배셋인데 자체치적이 89.5%임ㄷㄷㄷ파티에 상시치적 있으면 기적의 0.5%가 터지는거 아닌 이상 올크리 쌉가능공이속은 공이속 만찬 복용해서 23.3% 갈망 있을시 35.3%인데돌대랑 질풍 크리 영향받는 5%부족한 이속은펼치기랑 여우비로 풀이속유지 가능하니 딱히 문제가 없는듯단심 쓰고 각성기 쓰면 각성기 쿨이 114초라 6초정도 여유시간 존재편하게 하려면 역시 97돌 쓰고 극신환각을..,-1.0
[질문]선생님들 기상 이슬비 질풍 장단점 부탁드립니다.,이번에 부캐로 기상술사 키우려 하는데이슬비랑 질풍 너무 고민되네요장단점 짤막하게나마 부탁드립니다!,-1.0
[잡담]팔찌 두 개 중에 뭐가 좋을까요. 임시용으로 쓸거긴 한데(극신환각 질풍입니다),극신환각질풍입니다.,0
[잡담]기상이 9렙 4멸2홍 유기합니다,7보로 다 내렸습니다기상이 ㅈㄴ애매한 위치라고해도주변유저들이 기상이는 이러이러하니까~ 다른딜러보다 약한게맞다~자기가 기상이도 아닌데 자꾸 남 직업 합리화를 쳐하니까 짜증나고 현타와서 하브12만 돌릴려고요바드 주력으로 본캐서폿 키울거같습니다.. 기상유저님들 화이팅...,0
[잡담]마일리지 아바타 염색추천글 찾아요!!!,스페셜 리스트 마일리지 아바타 염색 추천 많이 받은 글 있는데찾지를 못하겠어요.헤드셋 끼고 있는 마일리지 아바타 염색 추천글인데고정글이 사라져서 못 찾겠어요.아시는 분 링크좀 부탁드려요...,0
[잡담]질풍 딜 질문점,"거의 동일한스펙과 동일한피지컬의 두동호크, 억모닉, 교머너, 초심배마저 4명이랑 딜비교하면 어느정도될까여친구들이랑 하고있는데 으음 던전은 하양겔정도로잡으면 질풍은 어느정도 순위 될수있습니까",0
[잡담]지금 다들 할것도 없고 기다리고만 잇으니 뭐라도 하면서 즐기는거지 뭐,재밋게 놀면 그만이여 신경끄고 카멘랩이나 올려놓자,0
[잡담]환각질풍기상 보석셋팅 도움 구해봅니다.,6환각 치명650 신속1800 (2기4역)각인:질원아돌타3에1보석멸 : 칼바람 바람송곳 몰아치기 회오리걸음 소용돌이 여우비홍 : 칼바람 바람송곳 회오리걸음 소용돌이 내려찍기셋팅을 사용하고 있는 질풍환각기상입니다.환각질풍을 제대로 키워볼려고 칼바람 바람송곳 몰아치기 회오리걸음에 9멸을 사용중인데추가로 9레벨 보석2개를 구입할 생각입니다.여기서 여우비와 소용돌이 9멸을 넣어주는게 좋을지 칼바람과 바랑송곳에 9홍을 넣어주는게 좋을지아니면 이보다 좋은 보석 셋팅이 있는지 궁금해서 도움을 구해봅니다.,0
[잡담]금일 질풍노도 기상술사분과 노양겔 매칭 결과 올립니다.,"우선 같이가주신 극신환각 기상술사분 스펙 부터 올리겠습니다카드는 세구30 암구18 가지고 계셨구요.같이갔던 디트는 레벨 60 달성해서 스펙업이 좀더 되었습니다.기술은 지난주 5홍에서 7홍으로 다 바꿔주었고 무강 1강 더올려서 15강이 되었습니다.그리고 노양겔 진행 결과는1관중수 잔 42% 질풍 투 기술 투2관 질풍 잔 42% 중수 강투 기술 투 - 이때 제가 50줄인가 까불다가 낙사당해서 죽어버렸어요 죄송합니다.3관 중수 강 37% 질풍 강 기술 투 - 아드로핀 먹고 각성기 두번다 사라지는 패턴 때문에 안맞았습니다.. 좀더 연습하겠습니다.4관 중수 강 33% 질풍 강 기술 강 - 4관문은 기상술사님 치명타가 잘안터졌다고 하시더라고요.4관은 마지막에 6분 50초인가 남기고 끝났습니다.이렇게 마무리 되었습니다. 게임결과 업로드 허락해주신 기상술사 선생님 대단히 감사합니다.그리고 혹여나 왜 지인 서머너가 아니라 니가 갔냐고 물어보실까봐 주관적으로 생각했을때 스펙차이는 별로 안나지만 차이가 너무날까봐 그리고 엄대엄 (7보석 사용) 하자고 합의했기때문에 굳이 같이갈 필요없다고 생각했습니다.이건 다른 얘기지만 오늘 위 게임 진행하고 지인 서머너와 같이 쿠크 같이갔을때 찍은 스샷입니다.기상술사 분은 all 7렙 보석, 세구30,  all 5 렙트포, all 고대 4세트 3레벨 효과였고 무17강 품 79서머너 세구18이고 8렙 2개,나머지7렙 끼워놨고 , 4렙트포 4개, 고대 5부위 2세트 3레벨 효과 무17강 품 81리퍼는 주력기 3개 7렙보석 나머지 이벤트 5홍, 세구30, 주력기 2개만 5렙트포 나머지 4렙, 무15강 품 85레벨차이는 기상술사 1563, 서머너 1546, 리퍼 1540 이고요거의 20레벨 차이나는 캐릭터랑 비비거나 딜파이 더 먹는경우도 있을정도라 안데려갔습니다.혹시 궁금한점 있으면 댓글 남겨주세요.그리고 딱렙 카양겔 같이가실 분 더 계시면 메일 보내주시면 대단히 감사하겠습니다.즐거운 주말 되십시오.",0
[잡담]정말 극 고점까진 아녀도 16층 이상까진 찍고 기상 세니 징징 ㄴ 글좀 써 재끼자,노양갤 하브 1-4다닐때만 해도 나도 기상 좋은줄 알았음,0
[잡담]나도 25강 10멸홍 오우너!,카멘 대비 빡시게 준비중,0
[잡담]저 사람 아직도 저러네 ㅋㅋㅋ,다른 기상 고인물들이랑 기싸움하는것도 아니고이미 망해버린 직업에서 분탕쳐봤자 뭔 이득이라고저번엔 하누에서 칼바람 좋다고 약팔더니이번엔 카양겔 노말..웃음밖에 안나오네,0
[잡담]원한2 절대 안쓰나요ㅠㅠ 이슬비이니다...,현재 원한 예둔 타대 이슬비 아드 에포1 세팅이구요....품질 좋게해서 맞추는데 한 13만골이면되긴하더라구요맞추게되면예둔 타대 이슬비 저받 아드 원한2 갈거같은데별로인가여ㅠㅠㅠ,0
[잡담]제일 좋은 확인 방법입니다.,저 3분들만 괜찮으시다면...제 자리에 비슷한 기상술사분 같이 가보시는게 제일 좋아 보입니다. 이왕이면 2 6트리 사용하시는 이슬비분이셨으면 좋겠습니다.단판으로 확정짓긴 어렵지만 1~4 어느정도 비교는 가능하니까요.,0
[잡담]우리 기상이 야캐여...,딴직업 상향받고나서기상이 상대적으로 약해서..상향받아야 되여..ㅠㅠ모가 쌔다는지 이해가좀..흑,-1.0
[잡담]저점이 높다는 말이,니가 무슨 직업을 해도 답없는 개똥손인데강투 잔혈 뜰수있게 구제해준다는 뜻은 아니엥요....ㅎㅎ,0
[잡담]기상 1540찍고 진로상담좀 하러왔습니다.,질풍 333331 셋팅하고싶습니다.보석은 7멸홍 줄 예정입니다.1550 높으면 1560까지 올려줄듯합니다.이 상황에서 셋팅 추천 부탁드립니다.,0
[잡담]떡밥 던져주지말고 차단해,어지럽네,0
[잡담]환각 무력술사 파이어혼 영상,극신 환각 무력술사 파이어혼 영상엘릭서각인과 특성비사용한 스킬 트포와 스킬룬파이어혼이 체력 좀 큰 허수아비라현 로아 레이드중 제일 재밌는듯요,0
[잡담]근데 진짜 기상술사를 사랑하나봐,1620 본캐 냅두고1540 배럭(세팅도 이상한)으로이슬비 약하지 않아요칼바람 써도 충분히 강해요이런글 꼬박꼬박 쓸 정도면...,0
[잡담]재업)카멘대비 멤버 모십니다.,워로드  워로드스커     공창술     공바드    홀나(공)1파티스커    1635 암구 30 세구 30 라제 무25 10멸홍 97돌 팔찌 17프로 엘40+워로드 1640 10멸홍 무 25 (암구세구 30) 엘40+창술.   1635 암구/세구 30각 무25 주딜 10멸홍  97돌 팔찌 12프로 엘40+바드     1641 10홍 남바 창달 30 세팅 유동적으로 가능. 엘40+2파티워로드 1641 97돌 10멸홍 무 25 품100 (암구세구 30) 엘40+서폿(공)쪽지 부탁드립니다.,0
[잡담]노양겔 분탕글 같은 애들 걍 차단박아줘요,병먹금 해줘야됨;; 난 이미 차단했던 애여서 그런지 보이지도 않지만 답해줄 가치가 없음,0
[잡담]이슬비 내부 질문드려요,질풍에서 이슬비 넘어온 유저입니다질풍일땐 편하게 내부했는데 이슬비로 바꾸니까너무 느려서 패턴을 다 맞아버리는데 ㅠㅠ혹시 내부할때 쓰시는 스킬트리 있으신가요들…,0
[잡담]카양겔 노말에서 딜비교를ㅋㅋㅋㅋㅋㅋㅋ,아 진심 너무 웃김 ㅋㅋㅋㅋㅋㅋ카양겔 하드여도 기가찰거같은데노말ㅋㅋㅋㅋㅋㅋㅋㅋ,0
[잡담]이슬비 칼바람으로 분탕 하시는분 카양겔 결과,"이슬비 칼바람 트리로 이전에 이런저런 말 많이 나오셨던 분이 오늘 또 와서카양겔 영상과 함께 글을 올리셨더군요당사자 본인은 딜로 밑잔 1번 밑강 2번 먹었으니까 자랑스럽게 영상까지 첨부했겠지만1관에서 암구 12 중수 디트가 41% 잔혈 암구 30인 작성자가 강투가 나온 것을 보고 뭔가 이상하다 싶어서 일로아 검색을 해보았습니다그 결과는 이슬비 스펙이 매우 월등히 좋은 상태에서 올 밑잔을 못한게 황당하다 못해 기가 찰 정도로 어처구니 없는 상황이라는 결론에 도달하게 되는데요그럼 중수 디트님과 웅쁜 님의 스펙을 비교해 봅시다중수 디트                                         칼바람 이슬비 웅쁜원대랩 82 뉴비 본캐                           원대랩 212 1540 이상 캐릭 6개 빡숙무18  7멸4개 퍼스7홍 나머지 5둘둘무17  7멸 7홍전투랩 59전투랩 60카드 알고 18, 암구 12                        카드 세구 30, 암구 30스킬 포인트 357                               스킬포인트 414트포작 5/4 반반 정도                         트포작 올 5 완료무품 81 나머지 전부 초품                   무품 70 나머지 전부 파품이상악세 목걸이 70 귀걸이 93, 70              악세 목걸이 83 귀걸이 98, 90반지 37,40                                       반지 85, 85특성합 2281                                     특성합 2413팔찌 8.7%                                         팔찌 9.4%공격력 36021                                    공격력 41670추가적으로 저 정도 원대랩 차이면 추피작도 최소 2% 이상은 더 나겠죠카드에서만 벌써 15% 차이 팔찌+특성합에서 최소로 잡아도 1.x%스킬 포인트 차이에서 아무리 보수적으로 잡아도 3~5%트포작에서도 1~2%보석에서도 차이 날 것이고..23~26% 이상 딜 차이 날 것으로 생각되는데거기에 뉴비와 빡숙의 숙련도 차이까지....그런데도 불구하고 결과는 거의 엄대엄이군요저런 정도 차이면 이슬비가 올 잔혈에 중수 디트가 투사여도 이상하지 않은데1관에서 41% 밑잔 중수 디트가 가져가고4관에서 41% 밑잔 이슬비나머지 2,3 관은 이슬비 밑강 중수 강투이러고 자랑스럽게 글을 올리시다니...저도 귀차니즘 많아서 이렇게까지 길게 글 안쓰려고 했는데 박제 할 겸 시간 내서 글 썼습니다이 정도면 그냥 말투만 매너있는 분탕이라고 느꼈기 때문입니다말투만 매너 있다고 괜찮은 사람은 아니라는 걸 다시금 느낍니다* 추가 사항이슬비 각인이 정형화 되어 있어서 확인 못했었는데 댓글보고 다시 확인해보니각인이 악몽셋인데 노 아드레날린에 예둔을 사용하네요카양겔에서는 환각을 입었다고 하니 추가 사항은 수정합니다다만 환각 입었으면 아드레날린 각인이 더 강했겠죠",-1.0
[잡담]드디어 달인 25퍼,오늘 어깨 졸업해서 기분쏘굿아직 바꿀 부분이 많긴 하지만 ㅎ;ㅎ달인 뻥튀기로 25퍼 넘었습니다.....인파 친구가 달인 올유효 31퍼라 로자타임 왔는데 다시 재밌어짐 ㅎㅎ,0
[잡담]고치명 악몽좀 알려주실 스승님,극신환각으로 1580에서 유기하던 기상이가악몽세팅을통해 어느정도 딜지분을 가져갈수있다는 작은 희망이 있다해서부랴부랴 악세맞춰보고 이리저리 만져보고 있어요.좀 가지고 놀아보면서 느낀점은1. 칼바람 영수증이 달라졋다2. 끝마 들어가면 오히려 딜로스같다.3. 생각보다 스킬쿨타임이 너무 안돌아와서 당황스럽다이정도인데요제가 세팅한것 (특히 스킬트포)에서 아쉬운부분이나..스킬 사이클에서 주의해야할점 같은 팁이 혹시라도 있다면 조언좀 부탁드립니다.지금은 그냥 쿨마다 잔스킬돌리면서돌개바람 기류-칼바송 만 생각하고있어요,0
[잡담]안냥하세요 질풍 기상 유물구간,2악4지 질풍을 키우고있습니다아직 뉴비라 스킬 굴리는걸단심 역기역기역기 만 지키라고해서 그걸 지켜서스킬을 빈곳없이 굴려도 체감상너무 약하고 투사 이상 먹어본적이없는데원래 이렇게 약할까요...무얼 잘못하고 있는걸까요,0
[질문]질풍 97돌 셋팅질문이요!!,"안녕하세요 눈팅으로는 도저히 모르겠어서 질문 남깁니다 ㅠㅠ하익때 키워놓고 배럭으로 키우려고 남은 페온으로 돌 좀 깎다가 97돌이 나와서 키우려고 합니다1540이고 97 (돌대9아드7) 원한 질풍 타대 전각 읽었고, 대충 눈팅으로 극신환각 셋팅 했습니다.혹시 이대로 가는게 맞을지 각인 및 셋팅 바꾸면 될지 고수님들 의견 부탁드립니다!!그래도 좀 애정 갖고 키우고 싶어서 처음 셋팅을 잘 하고 싶네요 ㅠㅠ조언 부탁드립니다!!",0
[잡담]카양겔 노말 4관 6분대 41퍼,"1543 이슬비 무17  7멸 7홍                                  세구30 암구301545 중수    무18  7멸4개 퍼스7홍 나머지 5둘둘      알고보면18 암구121540 기술    무14  7멸 7홍 5둘둘                         세구30 암구181540 도화가                                                      남바30 너다계181관문 이슬비 아드사용X기상게시판에 기상이 약하다는 글들이 유독 많이 보여 같이 가보게 되었습니다.영상 첨부하여 올립니다.저 뺀 나머지 3분은 지인분들이시고 동의 하에 올립니다.무분별한 비난 댓글, 욕설 등은 안 해주셨으면 좋겠습니다.발전적인 댓글은 환영입니다.",0
[잡담]뚱뚱한다람쥐는 나라꼴이 아닙니다,"어케아냐 좆목이냐하면 뭐 할말은 없는데나라꼴 아닙니다.나라꼴 아니라구~ 아니라구~님들이 신고한 덕분에현재 인벤계정 정지됨뚱뚱한다람쥐(초딱 본계정)개인정보 도용 이슈로 임시정지먹고돌아온다람쥐(흰딱 부계정)로 분탕치다가본계정 이슈 해결하고 부계정 정리,본계정으로 귀여운 기상이들리액션 혜자라서 분탕치다가 신고먹고 유배감정리 끝.",0
[잡담]이슬비 팔찌 고민됩니다.,오른쪽이 기존에 끼고있던 팔찌인데 계산기상으로는 왼쪽이 2퍼넘게 높다고 뜨긴 합니다...문제는 왼쪽을 끼면 특화가 120넘게 빠져서 1600대가 되어버리는데 그게 살짝 걱정이네요.이슬비가 특화컷이 빡빡하지 않은건 아는데 이게 마음이...크흠 그래도 왼쪽으로 가는게 맞을까요,-1.0
[잡담]1620을 찍어야 하나 고민중입니다..,"회심 40을 하고 싶기는 한데...밸패 패싱 보고 확 식어서 강화 아예 안하고 멈췄습니다...그렇게 모은 찬명돌만 1800개강화를 해야 하나 말아야 하나..1600대이지만 무25강, 10멸홍, 일로아기준 14.8%팔찌(신치망쐐약)저도 진작에 돌아올수 없는 강을 건넜는데 여기서 멈춰야 하나이왕 강 건넌 김에 회심40찍어보느냐... 고민중입니다..",0
[잡담]고치악몽 개사기긴한듯,이딴스펙으로 모든군단장 잔혈ㄷㄷ하브12 저딴스펙으로 잔혈먹는 개사기캐릭,0
[잡담]ㄸㄸㅎㄷㄹㅈ 는 ㄴㄹㄲ이 아닙니다,https://m.inven.co.kr/board/lostark/5497/122211,0
[잡담]2악4지 달인40보다 환각 회심40이 더 센것같음,진짜 그 치명타율 10퍼가 이렇게나 차이날 줄이야....치명타율과 내 손가락을 통해 저점이 높다는게 얼마나 좋은지 깨닫는 중그래봤자 강투확률이 조금 올라간것 뿐이지만,0
[잡담]왜케 정신나간것들이 많지..,셋팅에 마가 꼈나,0
[잡담]저 나라꼴 아닙니다.,"제가 있기 이전에 선구자 분이 계셨나보네요.하지만 전 나라꼴 님이 아닙니다 ㅎㅎ그저 잔혈질풍술사를 전도하는 1인입니다.한번 기상=환각,지배 인식이 박혀버리면 뇌에서이 인식을빼내기가 매우 힘듭니다.최근 점점 사람들이 고치악몽에 대해 관심을 갖고 있는데 시간지나면 차차 깨닫게 되겠지만조금 더 빨리 깨닫길 바라며 고치악몽을 추천하는 바 입니다.",0
[잡담]이슬비하는 게임고수만 들어오셈,점화 상소 포강 너프먹고이슬비 지금 같은 직군내에 입지가 어느정도인것 같은지의견좀 부탁드립니다질풍 취향에 잘안맞아서이슬비로 갈아타는거 생각중입니다,0
[질문]이번하익에 점핑권 질풍키우려는데 각인질문,"제일 고점좋은 세팅이 뭔가용특성비, 각인, 보석우선순위, 스킬트리정도요",0
[잡담]각1 지배 -> 극치악몽 후기,신경론에 의해서 진짜 불쾌했던 족쇄가 사라지니 너무좋고거의 노란줄만 나오니 진짜 행복하네요 ㅠㅠ두꺼비 항상 투사였는데 강투밑으로 잘 안내려가네요,0
[질문]최근에 칼바람 제외하고 날아가기를 채용했는데요,부파가 좀 빠져도 파폭 던지자는 마인드로 날아가기 채용한 이슬비 유저인데요.날아가기가 카던같은데에서는 몹을 통과하니깐 딜이 들어가는 건 알겟는데 가토나 레이드에서 보스몹을 통과 못하는데 보스쪽으류 쓰면 딜 들어가는 건가요 아니면 장판을 밟게 유도를 해야하는건가요,0
[잡담]기상술사의 미친 이동기,쓰고 싶지않았는데..,0
[잡담]기상 유기 vs 본캐 체인지,낼 월급인데 본캐기상 1580찍기 vs 버리고 잔혈머신 키우기(본캐바꾸기),0
[잡담]왜 질풍을 키웠을까 왜왜왜,1620까지 올려서 뒤로 돌아가기 할 수도 없네,0
[잡담]역전세계의 다람쥐ㄷㄷ,ㄷㄷㄷㄷ,0
[잡담]질풍/이슬비의 여우비효과 솔직히 바껴야함,이슬비에 공이속주고질풍에 공감대신 틱 쉴드씌워주고여기에 기류 활성화돼야함나름 아덴인데아덴시간동안 개빠릿한 캐스터아덴시간동안 역류퍼붓는 질풍술사 좋자나,0
[질문]1540 뉴비 질문..!,"현제 1540 이슬비, 1540 도화가, 1460 아르카나 키우고 있습니다.( 슬비 악세는 목걸이 빼고 모두 90이상이에오.. 특화 1820 ㅇㅁㅇ )이슬비는 옛날에 기상하다가 넘어갔었는데 다시 질풍이 마렵기도 하고 바꿀까 고민중이라 글써봅니다.전각 상태가타대 12슬비 12질풍 9이렇게 읽었습니다원한9 돌대 6 돌원한8 예둔6  돌각각 있어서 질풍으로 넘어가도 333331 고대셋팅 가능합니다.( 이슬비 직각 악세는 너무 비싸서 유물인상테 입니다.. )이슬비도 나쁘진 않은데 질풍이 그리운느낌이라..문제는 질풍 넘어가도 이슬비를 또 하고 싶을꺼 같습니다.듀얼 셋팅을 하기엔 7렙보석 겟수도 부족해서.. 도화가 먼저 주고 있습니다.이슬비 배럭 이점 = 쌍전각이전에 질풍은 유물에서 2악 4지밖에 안해봤어서배럭 만들면 고치악몽 해볼꺼 같네요..",-1.0
[잡담]요즈 여름 아바타 염색 ver.3,염색공유링크 :https://blog.naver.com/warmcafe-/223128624747,0
[질문]7멸 날아가기 vs 9멸 칼바람/바송(역류미채용),주력은 서폿인데게임진행용으로 기상이 하나를 키우고 있어요질풍/이슬비 세트 다 있거든요이슬비 2/6 기준으로 날아가기가 조금 더 강한 건 사실인데질풍이랑 겹치는 스킬 멸화가 더 높다면 이야기가 달라질 수도 있지 않을까 해서요어떨까요,0
[잡담]안개의 이변 염색하려고 하는데 추천 받아여 !,이번에 기상이한테 입혀줄 안개의 이변 염색하려구 하는데 예쁜 거 해주고 싶으요 !!선생님들 부탁드립니당,0
[잡담]기상이 33333각인,뉴비 기상이인데 33333을 맞추고 싶어요돌은 타대 원한 95돌 깍아서 전각을 하나 읽어야하는데 직각은 너무 비싸고또 어떤 전각을 읽어야하고 각인 세팅은 어떻게 가야하는지 알려주세요!,0
[잡담]놈칸 배럭 질풍 2악 4지 vs 6환각,지배면 왼쪽 팔찌 환각이면 오른쪽 팔찌 쓸건데 어느게 더 나아보이시는지현재 세팅은 2악4지 신속1469 치명915로 단심컨 후 현탐 조금 있습니다.보석은 칼바송 9멸 나머지 7멸7홍 2기 4역 쓰는 중,0
[잡담]질풍 팔찌 습격 정밀에서,순환 정밀 떴다.. 습격 정밀 좀 뭔가뭔가 였는데 드디어 팔찌 성불..ㅠㅠ,0
[잡담]이슬비 달인40 찍었습니다.,"영웅엘릭서로 달인혼돈 장갑 43을 띄워놔서 그런가 꽤 빠르게 완성했네요.다음주 하칸/하탑이 많이 기대됩니다. :D그리고 오랜만에 와서 둘러보는데 이슬비 힘 빠지는 구간 있는지 물어보는 질문 있던데특화캐라 그런지 품질만 잘 세팅해두면 저는 딱히 힘이 빠진다던가 하는 느낌은 별로 못 받았네요.이슬비 지금까지 플레이하면서 언럭키 점화소서 or 상소서머너 느낌이라고 생각했는데,딜비중이 여러 스킬에 골고루 분배되어 있고 이동기도 많아서위 두 직업보다 딜은 좀 안 나와도, 안정성은 훨씬 높은 것 같습니다.상소 최근에 키우면서 유일한 이동기가 10초짜리 스페 하나라서 딜은 잘 나오지만 패턴 피하는데 많이 힘들어하고 있었는데,이슬비는 딜은 좀 덜 나오더라도 남들 패턴 피하느라 고생할 때저는 미리 안전지역으로 이동해서 원거리에서 뙤싹같은 거 넣고 있으니까 그건 그거대로 좋은 것 같습니다.오랜만에 글 쓰는 김에 이번주 하칸 3관 MVP창 하나 첨부합니다.특히 4관 200줄 지형흔들기 패턴에서 남들 피하느라 바쁠 때소나기/소용돌이 등으로 아덴 채워서뙤싹으로 틈새딜 넣는 거 가능한 것도 이슬비의 장점이라고 생각합니다..!기상술사의 70%가 질풍이지만, 아덴 채워서 여우비 한 번에 뙤싹 두번 넣는 것만 지키면 그렇게 어렵지 않으니다들 이슬비도 많은 관심 부탁드려요!",0
[잡담]안녕하세요 잔혈전도사입니다,지금에서야 깨달았습니다.기상술사 여러분들은 섬세하기 때문에 제 강압적인 말투에 상처받았으리라 생각됩니다.갑자기 고치악몽으로 세팅을 바꾸는 과정이 거북할텐데 자꾸 강요해서 죄송합니다.저는 천천히 기다리겠습니다.이미 고치악몽의 세계로 입문하신 분들과 기다리고 있겠습니다.그럼 안녕.,0
[잡담]끝마 이슬비는 없을까여,빌드깎아보고싶은데 추천좀!!,0
[잡담]우리 이슬이가 효녀여,맛난것도 물어오고,0
[잡담]안녕하세요 지표 수호자입니다.,1543 기상술사 라우리엘 광폭 6분대남기고 잡았네요.기상술사 너무 약하네여.. 상향 받았으면 좋겠습니다.어그로 죄송합니다.우리 기상 안야캐요 여러분!!!그럼 20000,0
[잡담]본 교관은 기붕이들이 어떻게 하냐에 따라 천사가될수도 악마가 될수도 있습니다,아직도 극신지배환각 고집하는 기붕이들은 연병장으로 집합합니다 실시,0
[잡담]모코코,1620달성~!,0
[잡담]44 이1 드디어 이사,에포 쓸바엔 죽는다하는 병이 있는 탓에 ... 아드를 1로 내려버렸어요 ㅋ요새 돌소단심 많이 쓴다길래 손에 안 붙을것 같아서 고민했는데 걍 뙤싹단심 그대로쓰니 사이클 바로 적응되고 쉽네용 아니다 적응할것도 없음 44랑 전체적으로 굴러가는게 유사해서 좋음아직 9홍인데 빠르게 뙤싹 10홍 올려주면 완벽할듯요군단장 다돌고 세팅한거라 딜오른 체감 느끼기는 애매하지만 그만큼 다음주 고정팟 기대되네요 좋아~~,0
[잡담]딜이 아주 센 아이가 되고프면,"딴 클래스로 눈돌려보세요기상이로 잔혈 먹으려면그만큼 딴 딜러들이 딜을 못넣어야함다기상으로 딜 맛깔나게, 뒤지게 넣어봤자딴 애들이 딜 못넣으면 플레이시간 길어지고그 시간만큼 계속 딜을 욱여넣으니까잔혈이 나오는거임 어거지로 먹는 잔혈기상이 강해서X,딴놈들이 똥손O똥손 거르기 전문",0
[잡담]2악4지 vs 6지 뭐가 정배인가요,요즘 기상부캐 너무 약한거같음 질풍임,0
[잡담]기상술사 뙤약볕 질문해봅니다,혹시 뙤약몉 3번쨰 트포중에 빛의부름 이랑 흑점폭발중에 누가 더 무력이쌘가용 회걸에서 뙤약볕으로 갈아타려고합니다 기상고수님들 찾아봐요!!,0
[잡담]기상못생긴듯,ㅇ,0
[잡담]난 탈것탈때 ㅈ같은 휘파람좀 없애면 좋겠음,씨발,0
[잡담]확실히 부케는 질풍1 치신이 좋은거같다..,노칸레벨 부케 질풍1 치신이랑 3질풍 6지배 2악4지  다 맞춰서 해봤는데.그냥 질풍1 치신악몽이 아무런 스트레스없고 제일편안하네.. 딜 그렇게 큰 체감날정도로 차이도없고각인세팅비도 압도적으로 싸고..,0
[잡담]야이 씹 비 좀 안오게해라,창문 뽀사지겠다 ㅡㅡ,0
[잡담]이슬비 질문이요..,아드3 에포1 vs 저받3 아드1 어떤게 좋을까요,0
